Saison,Âge,Équipe,Comp,Titulaire,Min,Buts_x,PD_x,B-PénM,PénM_x,PénT_x,PrgC_x,PrgP_x,PrgR,Buts_y,Tirs_x,TC,TC%,Tir/90,TC/90,B/Tir,B/TC,Dist,CF,PénM_y,PénT_y,Touches,SurfRépDéf,ZDéf_x,MilTer_x,ZOff_x,SurfRépOff,Action de jeu,Att_x,Succ,Succ%,Tkld,Tkld%,Balle au pied,TotDist_x,DistBut_x,PrgC_y,1/3_x,Cmp,Att_y,Cmp%,TotDist_y,DistBut_y,PD_y,xAG,xA,A-xAG,PC,1/3_y,PPA,CntSR,PrgP_y,AMT,PassLive,PassDead,TO,Tirs_y,Ftp,Déf,AMB,Tcl,TclR,ZDéf_y,MilTer_y,ZOff_y,Tcl.1,Att,Tcl%,Balles contrées,Tirs,Passe,Int,Tcl+Int,Dég
2009-2010,18,Real Sociedad,2. La Liga 2,30,2583,6,5,6,0,0,-1.0,-1.0,-1.0,6,-1.0,22.0,-1.0,-1.0,0.77,-1.0,0.27,-1.0,-1.0,0,0,-1.0,-1.0,-1.0,-1.0,-1.0,-1.0,-1.0,-1.0,-1.0,-1.0,-1.0,-1.0,-1.0,-1.0,-1.0,-1.0,-1.0,-1.0,-1.0,-1.0,-1.0,-1.0,5,-1.0,-1.0,-1.0,-1.0,-1.0,-1.0,-1.0,-1.0,-1.0,-1.0,-1.0,-1.0,-1.0,-1.0,-1.0,-1.0,-1.0,-1.0,-1.0,-1.0,-1.0,-1.0,-1.0,-1.0,-1.0,-1.0,-1.0,-1.0,-1.0,-1.0
2010-2011,19,Real Sociedad,1. La Liga,34,2832,7,2,7,0,0,-1.0,-1.0,-1.0,7,-1.0,24.0,-1.0,-1.0,0.76,-1.0,0.29,-1.0,-1.0,0,0,-1.0,-1.0,-1.0,-1.0,-1.0,-1.0,-1.0,-1.0,-1.0,-1.0,-1.0,-1.0,-1.0,-1.0,-1.0,-1.0,-1.0,-1.0,-1.0,-1.0,-1.0,-1.0,2,-1.0,-1.0,-1.0,-1.0,-1.0,-1.0,-1.0,-1.0,-1.0,-1.0,-1.0,-1.0,-1.0,-1.0,-1.0,-1.0,-1.0,-1.0,-1.0,-1.0,-1.0,-1.0,-1.0,-1.0,-1.0,-1.0,-1.0,-1.0,-1.0,-1.0
2011-2012,20,Real Sociedad,1. La Liga,28,2621,7,3,7,0,1,-1.0,-1.0,-1.0,7,-1.0,33.0,-1.0,-1.0,1.13,-1.0,0.21,-1.0,-1.0,0,1,-1.0,-1.0,-1.0,-1.0,-1.0,-1.0,-1.0,-1.0,-1.0,-1.0,-1.0,-1.0,-1.0,-1.0,-1.0,-1.0,-1.0,-1.0,-1.0,-1.0,-1.0,-1.0,3,-1.0,-1.0,-1.0,-1.0,-1.0,-1.0,-1.0,-1.0,-1.0,-1.0,-1.0,-1.0,-1.0,-1.0,-1.0,-1.0,-1.0,-1.0,-1.0,-1.0,-1.0,-1.0,-1.0,-1.0,-1.0,-1.0,-1.0,-1.0,-1.0,-1.0
2012-2013,21,Real Sociedad,1. La Liga,32,2848,10,3,10,0,0,-1.0,-1.0,-1.0,10,-1.0,42.0,-1.0,-1.0,1.33,-1.0,0.24,-1.0,-1.0,0,0,-1.0,-1.0,-1.0,-1.0,-1.0,-1.0,-1.0,-1.0,-1.0,-1.0,-1.0,-1.0,-1.0,-1.0,-1.0,-1.0,-1.0,-1.0,-1.0,-1.0,-1.0,-1.0,3,-1.0,-1.0,-1.0,-1.0,-1.0,-1.0,-1.0,-1.0,-1.0,-1.0,-1.0,-1.0,-1.0,-1.0,-1.0,-1.0,-1.0,-1.0,-1.0,-1.0,-1.0,-1.0,-1.0,-1.0,-1.0,-1.0,-1.0,-1.0,-1.0,-1.0
2013-2014,22,Real Sociedad,1. Champions Lg,6,491,0,0,0,0,0,-1.0,-1.0,-1.0,0,-1.0,11.0,-1.0,-1.0,2.02,-1.0,0.0,-1.0,-1.0,0,0,-1.0,-1.0,-1.0,-1.0,-1.0,-1.0,-1.0,-1.0,-1.0,-1.0,-1.0,-1.0,-1.0,-1.0,-1.0,-1.0,-1.0,-1.0,-1.0,-1.0,-1.0,-1.0,0,-1.0,-1.0,-1.0,-1.0,-1.0,-1.0,-1.0,-1.0,-1.0,-1.0,-1.0,-1.0,-1.0,-1.0,-1.0,-1.0,-1.0,-1.0,-1.0,-1.0,-1.0,-1.0,-1.0,-1.0,-1.0,-1.0,-1.0,-1.0,-1.0,-1.0
2013-2014,22,Real Sociedad,1. La Liga,31,2651,16,3,16,0,0,-1.0,-1.0,-1.0,16,-1.0,55.0,-1.0,-1.0,1.87,-1.0,0.29,-1.0,-1.0,0,0,-1.0,-1.0,-1.0,-1.0,-1.0,-1.0,-1.0,-1.0,-1.0,-1.0,-1.0,-1.0,-1.0,-1.0,-1.0,-1.0,-1.0,-1.0,-1.0,-1.0,-1.0,-1.0,3,-1.0,-1.0,-1.0,-1.0,-1.0,-1.0,-1.0,-1.0,-1.0,-1.0,-1.0,-1.0,-1.0,-1.0,-1.0,-1.0,-1.0,-1.0,-1.0,-1.0,-1.0,-1.0,-1.0,-1.0,-1.0,-1.0,-1.0,-1.0,-1.0,-1.0
2014-2015,23,Atlético Madrid,1. Champions Lg,5,537,2,0,2,0,0,-1.0,-1.0,-1.0,2,-1.0,6.0,-1.0,-1.0,1.01,-1.0,0.33,-1.0,-1.0,0,0,-1.0,-1.0,-1.0,-1.0,-1.0,-1.0,-1.0,-1.0,-1.0,-1.0,-1.0,-1.0,-1.0,-1.0,-1.0,-1.0,-1.0,-1.0,-1.0,-1.0,-1.0,-1.0,0,-1.0,-1.0,-1.0,-1.0,-1.0,-1.0,-1.0,-1.0,-1.0,-1.0,-1.0,-1.0,-1.0,-1.0,-1.0,-1.0,-1.0,-1.0,-1.0,-1.0,-1.0,-1.0,-1.0,-1.0,-1.0,-1.0,-1.0,-1.0,-1.0,-1.0
2014-2015,23,Atlético Madrid,1. La Liga,29,2451,22,1,22,0,0,-1.0,-1.0,-1.0,22,-1.0,41.0,-1.0,-1.0,1.51,-1.0,0.54,-1.0,-1.0,0,0,-1.0,-1.0,-1.0,-1.0,-1.0,-1.0,-1.0,-1.0,-1.0,-1.0,-1.0,-1.0,-1.0,-1.0,-1.0,-1.0,-1.0,-1.0,-1.0,-1.0,-1.0,-1.0,1,-1.0,-1.0,-1.0,-1.0,-1.0,-1.0,-1.0,-1.0,-1.0,-1.0,-1.0,-1.0,-1.0,-1.0,-1.0,-1.0,-1.0,-1.0,-1.0,-1.0,-1.0,-1.0,-1.0,-1.0,-1.0,-1.0,-1.0,-1.0,-1.0,-1.0
2014-2015,23,Atlético Madrid,Copa del Rey,4,301,1,0,1,0,0,-1.0,-1.0,-1.0,1,-1.0,-1.0,-1.0,-1.0,-1.0,-1.0,-1.0,-1.0,-1.0,0,0,-1.0,-1.0,-1.0,-1.0,-1.0,-1.0,-1.0,-1.0,-1.0,-1.0,-1.0,-1.0,-1.0,-1.0,-1.0,-1.0,-1.0,-1.0,-1.0,-1.0,-1.0,-1.0,0,-1.0,-1.0,-1.0,-1.0,-1.0,-1.0,-1.0,-1.0,-1.0,-1.0,-1.0,-1.0,-1.0,-1.0,-1.0,-1.0,-1.0,-1.0,-1.0,-1.0,-1.0,-1.0,-1.0,-1.0,-1.0,-1.0,-1.0,-1.0,-1.0,-1.0
2015-2016,24,Atlético Madrid,1. Champions Lg,13,1135,7,1,6,1,1,-1.0,-1.0,-1.0,7,-1.0,24.0,-1.0,-1.0,1.9,-1.0,0.25,-1.0,-1.0,1,1,-1.0,-1.0,-1.0,-1.0,-1.0,-1.0,-1.0,-1.0,-1.0,-1.0,-1.0,-1.0,-1.0,-1.0,-1.0,-1.0,-1.0,-1.0,-1.0,-1.0,-1.0,-1.0,1,-1.0,-1.0,-1.0,-1.0,-1.0,-1.0,-1.0,-1.0,-1.0,-1.0,-1.0,-1.0,-1.0,-1.0,-1.0,-1.0,-1.0,-1.0,-1.0,-1.0,-1.0,-1.0,-1.0,-1.0,-1.0,-1.0,-1.0,-1.0,-1.0,-1.0
2015-2016,24,Atlético Madrid,1. La Liga,36,3043,22,4,21,1,2,-1.0,-1.0,-1.0,22,92.0,43.0,46.7,2.72,1.27,0.23,0.49,-1.0,-1.0,1,2,-1.0,-1.0,-1.0,-1.0,-1.0,-1.0,-1.0,-1.0,-1.0,-1.0,-1.0,-1.0,-1.0,-1.0,-1.0,-1.0,-1.0,-1.0,-1.0,-1.0,-1.0,-1.0,4,-1.0,-1.0,-1.0,-1.0,-1.0,-1.0,-1.0,-1.0,-1.0,-1.0,-1.0,-1.0,-1.0,-1.0,-1.0,-1.0,-1.0,48.0,-1.0,-1.0,-1.0,-1.0,-1.0,-1.0,-1.0,-1.0,-1.0,40.0,-1.0,-1.0
2015-2016,24,Atlético Madrid,Copa del Rey,2,191,3,0,3,0,0,-1.0,-1.0,-1.0,3,-1.0,-1.0,-1.0,-1.0,-1.0,-1.0,-1.0,-1.0,-1.0,0,0,-1.0,-1.0,-1.0,-1.0,-1.0,-1.0,-1.0,-1.0,-1.0,-1.0,-1.0,-1.0,-1.0,-1.0,-1.0,-1.0,-1.0,-1.0,-1.0,-1.0,-1.0,-1.0,0,-1.0,-1.0,-1.0,-1.0,-1.0,-1.0,-1.0,-1.0,-1.0,-1.0,-1.0,-1.0,-1.0,-1.0,-1.0,-1.0,-1.0,-1.0,-1.0,-1.0,-1.0,-1.0,-1.0,-1.0,-1.0,-1.0,-1.0,-1.0,-1.0,-1.0
2016-2017,25,Atlético Madrid,1. Champions Lg,12,1068,6,2,4,2,3,-1.0,-1.0,-1.0,6,29.0,12.0,41.4,2.44,1.01,0.14,0.33,-1.0,-1.0,2,3,-1.0,-1.0,-1.0,-1.0,-1.0,-1.0,-1.0,-1.0,-1.0,-1.0,-1.0,-1.0,-1.0,-1.0,-1.0,-1.0,-1.0,-1.0,-1.0,-1.0,-1.0,-1.0,2,-1.0,-1.0,-1.0,-1.0,-1.0,-1.0,-1.0,-1.0,-1.0,-1.0,-1.0,-1.0,-1.0,-1.0,-1.0,-1.0,-1.0,13.0,-1.0,-1.0,-1.0,-1.0,-1.0,-1.0,-1.0,-1.0,-1.0,9.0,-1.0,-1.0
2016-2017,25,Atlético Madrid,1. La Liga,36,3053,16,7,16,0,2,-1.0,-1.0,-1.0,16,88.0,41.0,46.6,2.59,1.21,0.18,0.39,-1.0,-1.0,0,2,-1.0,-1.0,-1.0,-1.0,-1.0,-1.0,-1.0,-1.0,-1.0,-1.0,-1.0,-1.0,-1.0,-1.0,-1.0,-1.0,-1.0,-1.0,-1.0,-1.0,-1.0,-1.0,7,-1.0,-1.0,-1.0,-1.0,-1.0,-1.0,-1.0,-1.0,-1.0,-1.0,-1.0,-1.0,-1.0,-1.0,-1.0,-1.0,-1.0,33.0,-1.0,-1.0,-1.0,-1.0,-1.0,-1.0,-1.0,-1.0,-1.0,19.0,-1.0,-1.0
2016-2017,25,Atlético Madrid,Copa del Rey,5,423,4,2,4,0,0,-1.0,-1.0,-1.0,4,-1.0,-1.0,-1.0,-1.0,-1.0,-1.0,-1.0,-1.0,-1.0,0,0,-1.0,-1.0,-1.0,-1.0,-1.0,-1.0,-1.0,-1.0,-1.0,-1.0,-1.0,-1.0,-1.0,-1.0,-1.0,-1.0,-1.0,-1.0,-1.0,-1.0,-1.0,-1.0,2,-1.0,-1.0,-1.0,-1.0,-1.0,-1.0,-1.0,-1.0,-1.0,-1.0,-1.0,-1.0,-1.0,-1.0,-1.0,-1.0,-1.0,-1.0,-1.0,-1.0,-1.0,-1.0,-1.0,-1.0,-1.0,-1.0,-1.0,-1.0,-1.0,-1.0
2017-2018,26,Atlético Madrid,1. Champions Lg,6,529,2,2,1,1,1,11.0,21.0,52.0,2,17.0,4.0,23.5,2.89,0.68,0.06,0.25,20.5,3.0,1,1,292.0,3.0,25.0,133.0,143.0,17.0,291.0,7.0,5.0,71.4,2.0,28.6,159.0,738.0,361.0,11.0,16.0,195.0,241.0,80.9,2602.0,622.0,2,1.2,0.3,0.8,6.0,14.0,2.0,0.0,21.0,16.0,10.0,2.0,1.0,2.0,1.0,0.0,1.0,6.0,4.0,1.0,5.0,0.0,1.0,1.0,100.0,4.0,0.0,4.0,2.0,8.0,2.0
2017-2018,26,Atlético Madrid,1. La Liga,30,2519,19,9,17,2,2,67.0,125.0,185.0,19,70.0,38.0,54.3,2.5,1.36,0.24,0.45,18.0,8.0,2,2,1322.0,21.0,145.0,596.0,601.0,102.0,1320.0,46.0,28.0,60.9,18.0,39.1,764.0,4324.0,2096.0,67.0,57.0,809.0,1080.0,74.9,12542.0,3324.0,9,6.8,4.7,2.2,44.0,69.0,44.0,1.0,125.0,98.0,66.0,8.0,10.0,4.0,8.0,2.0,17.0,36.0,24.0,6.0,23.0,7.0,10.0,30.0,33.3,20.0,1.0,19.0,10.0,46.0,14.0
2017-2018,26,Atlético Madrid,2. Europa Lg,7,631,6,3,6,0,0,22.0,22.0,53.0,6,29.0,16.0,55.2,4.14,2.28,0.21,0.38,19.1,4.0,0,0,403.0,6.0,59.0,152.0,201.0,33.0,403.0,15.0,11.0,73.3,4.0,26.7,237.0,1500.0,841.0,22.0,16.0,237.0,314.0,75.5,3223.0,843.0,3,1.7,1.2,1.3,13.0,16.0,7.0,2.0,22.0,34.0,15.0,5.0,5.0,4.0,5.0,0.0,8.0,10.0,6.0,1.0,6.0,3.0,3.0,17.0,17.6,8.0,1.0,7.0,8.0,18.0,1.0
2017-2018,26,Atlético Madrid,Copa del Rey,2,183,2,0,2,0,0,-1.0,-1.0,-1.0,2,-1.0,-1.0,-1.0,-1.0,-1.0,-1.0,-1.0,-1.0,-1.0,0,0,-1.0,-1.0,-1.0,-1.0,-1.0,-1.0,-1.0,-1.0,-1.0,-1.0,-1.0,-1.0,-1.0,-1.0,-1.0,-1.0,-1.0,-1.0,-1.0,-1.0,-1.0,-1.0,0,-1.0,-1.0,-1.0,-1.0,-1.0,-1.0,-1.0,-1.0,-1.0,-1.0,-1.0,-1.0,-1.0,-1.0,-1.0,-1.0,-1.0,-1.0,-1.0,-1.0,-1.0,-1.0,-1.0,-1.0,-1.0,-1.0,-1.0,-1.0,-1.0,-1.0
2018-2019,27,Atlético Madrid,1. Champions Lg,8,720,4,3,4,0,0,22.0,29.0,66.0,4,22.0,11.0,50.0,2.75,1.37,0.18,0.36,18.0,2.0,0,0,416.0,10.0,40.0,147.0,234.0,32.0,416.0,15.0,6.0,40.0,9.0,60.0,225.0,1198.0,573.0,22.0,15.0,247.0,353.0,70.0,3705.0,850.0,3,1.7,1.7,1.3,13.0,22.0,14.0,1.0,29.0,28.0,22.0,2.0,1.0,2.0,1.0,0.0,4.0,9.0,7.0,6.0,1.0,2.0,3.0,10.0,30.0,3.0,0.0,3.0,4.0,13.0,7.0
2018-2019,27,Atlético Madrid,1. La Liga,37,3198,15,8,12,3,3,87.0,136.0,241.0,15,110.0,42.0,38.2,3.1,1.18,0.11,0.29,19.8,16.0,3,3,1830.0,26.0,159.0,689.0,1003.0,138.0,1827.0,44.0,20.0,45.5,24.0,54.5,1027.0,5363.0,2501.0,87.0,75.0,1123.0,1510.0,74.4,16009.0,4255.0,8,7.7,7.4,0.3,73.0,79.0,60.0,5.0,136.0,134.0,94.0,20.0,4.0,9.0,6.0,1.0,14.0,31.0,19.0,8.0,13.0,10.0,8.0,28.0,28.6,18.0,1.0,17.0,12.0,43.0,21.0
2018-2019,27,Atlético Madrid,Copa del Rey,1,88,2,0,2,0,0,-1.0,-1.0,-1.0,2,3.0,2.0,66.7,3.07,2.05,0.67,1.0,-1.0,-1.0,0,0,-1.0,-1.0,-1.0,-1.0,-1.0,-1.0,-1.0,-1.0,-1.0,-1.0,-1.0,-1.0,-1.0,-1.0,-1.0,-1.0,-1.0,-1.0,-1.0,-1.0,-1.0,-1.0,0,-1.0,-1.0,-1.0,-1.0,-1.0,-1.0,-1.0,-1.0,-1.0,-1.0,-1.0,-1.0,-1.0,-1.0,-1.0,-1.0,-1.0,0.0,-1.0,-1.0,-1.0,-1.0,-1.0,-1.0,-1.0,-1.0,-1.0,1.0,-1.0,-1.0
2018-2019,27,Atlético Madrid,Super Cup,1,56,0,0,0,0,0,-1.0,-1.0,-1.0,0,1.0,0.0,0.0,1.61,0.0,0.0,-1.0,-1.0,-1.0,0,0,-1.0,-1.0,-1.0,-1.0,-1.0,-1.0,-1.0,-1.0,-1.0,-1.0,-1.0,-1.0,-1.0,-1.0,-1.0,-1.0,-1.0,-1.0,-1.0,-1.0,-1.0,-1.0,0,-1.0,-1.0,-1.0,-1.0,-1.0,-1.0,-1.0,-1.0,-1.0,-1.0,-1.0,-1.0,-1.0,-1.0,-1.0,-1.0,-1.0,0.0,-1.0,-1.0,-1.0,-1.0,-1.0,-1.0,-1.0,-1.0,-1.0,0.0,-1.0,-1.0
2019-2020,28,Barcelona,1. Champions Lg,7,653,2,0,2,0,0,10.0,14.0,74.0,2,10.0,5.0,50.0,1.38,0.69,0.2,0.4,16.0,0.0,0,0,358.0,12.0,32.0,151.0,179.0,21.0,358.0,7.0,7.0,100.0,0.0,0.0,240.0,1191.0,459.0,10.0,10.0,248.0,298.0,83.2,3635.0,474.0,0,0.2,0.5,-0.2,4.0,14.0,4.0,2.0,14.0,14.0,13.0,0.0,0.0,1.0,0.0,0.0,0.0,7.0,3.0,2.0,1.0,4.0,3.0,12.0,25.0,5.0,0.0,5.0,6.0,13.0,5.0
2019-2020,28,Barcelona,1. La Liga,31,2549,9,4,9,0,0,40.0,83.0,229.0,9,55.0,23.0,41.8,1.94,0.81,0.16,0.39,14.9,0.0,0,0,1381.0,29.0,129.0,575.0,689.0,139.0,1381.0,34.0,20.0,58.8,14.0,41.2,805.0,3314.0,1433.0,40.0,33.0,924.0,1147.0,80.6,12266.0,2108.0,4,4.5,4.8,-0.5,32.0,49.0,31.0,3.0,83.0,60.0,52.0,1.0,1.0,3.0,3.0,0.0,10.0,33.0,18.0,12.0,11.0,10.0,9.0,34.0,26.5,22.0,3.0,19.0,12.0,45.0,20.0
2019-2020,28,Barcelona,Copa del Rey,2,195,3,0,3,0,0,-1.0,-1.0,-1.0,3,6.0,5.0,83.3,2.77,2.31,0.5,0.6,-1.0,-1.0,0,0,-1.0,-1.0,-1.0,-1.0,-1.0,-1.0,-1.0,-1.0,-1.0,-1.0,-1.0,-1.0,-1.0,-1.0,-1.0,-1.0,-1.0,-1.0,-1.0,-1.0,-1.0,-1.0,0,-1.0,-1.0,-1.0,-1.0,-1.0,-1.0,-1.0,-1.0,-1.0,-1.0,-1.0,-1.0,-1.0,-1.0,-1.0,-1.0,-1.0,1.0,-1.0,-1.0,-1.0,-1.0,-1.0,-1.0,-1.0,-1.0,-1.0,0.0,-1.0,-1.0
2019-2020,28,Barcelona,Supercopa de España,1,90,1,0,1,0,0,-1.0,-1.0,-1.0,1,4.0,3.0,75.0,4.0,3.0,0.25,0.33,-1.0,-1.0,0,0,-1.0,-1.0,-1.0,-1.0,-1.0,-1.0,-1.0,-1.0,-1.0,-1.0,-1.0,-1.0,-1.0,-1.0,-1.0,-1.0,-1.0,-1.0,-1.0,-1.0,-1.0,-1.0,0,-1.0,-1.0,-1.0,-1.0,-1.0,-1.0,-1.0,-1.0,-1.0,-1.0,-1.0,-1.0,-1.0,-1.0,-1.0,-1.0,-1.0,0.0,-1.0,-1.0,-1.0,-1.0,-1.0,-1.0,-1.0,-1.0,-1.0,0.0,-1.0,-1.0
2020-2021,29,Barcelona,1. Champions Lg,6,501,2,0,2,0,0,9.0,23.0,31.0,2,16.0,6.0,37.5,2.87,1.08,0.13,0.33,12.2,0.0,0,0,317.0,3.0,27.0,131.0,161.0,33.0,317.0,6.0,2.0,33.3,4.0,66.7,185.0,801.0,319.0,9.0,9.0,223.0,264.0,84.5,2983.0,445.0,0,1.1,0.7,-1.1,10.0,13.0,9.0,0.0,23.0,18.0,16.0,1.0,0.0,0.0,1.0,0.0,0.0,8.0,1.0,3.0,5.0,0.0,4.0,6.0,66.7,4.0,0.0,4.0,5.0,13.0,3.0
2020-2021,29,Barcelona,1. La Liga,32,2604,13,7,12,1,2,41.0,104.0,224.0,13,69.0,32.0,46.4,2.38,1.11,0.17,0.38,14.7,0.0,1,2,1585.0,23.0,134.0,616.0,846.0,173.0,1583.0,37.0,26.0,70.3,11.0,29.7,907.0,4066.0,1742.0,41.0,47.0,1168.0,1352.0,86.4,15333.0,2573.0,7,5.6,5.6,1.4,42.0,59.0,31.0,3.0,104.0,95.0,80.0,4.0,6.0,2.0,3.0,0.0,11.0,37.0,22.0,10.0,18.0,9.0,12.0,40.0,30.0,20.0,1.0,19.0,12.0,49.0,11.0
2020-2021,29,Barcelona,Copa del Rey,5,539,3,4,3,0,0,-1.0,-1.0,-1.0,3,14.0,7.0,50.0,2.34,1.17,0.21,0.43,-1.0,-1.0,0,0,-1.0,-1.0,-1.0,-1.0,-1.0,-1.0,-1.0,-1.0,-1.0,-1.0,-1.0,-1.0,-1.0,-1.0,-1.0,-1.0,-1.0,-1.0,-1.0,-1.0,-1.0,-1.0,4,-1.0,-1.0,-1.0,-1.0,-1.0,-1.0,-1.0,-1.0,-1.0,-1.0,-1.0,-1.0,-1.0,-1.0,-1.0,-1.0,-1.0,4.0,-1.0,-1.0,-1.0,-1.0,-1.0,-1.0,-1.0,-1.0,-1.0,2.0,-1.0,-1.0
2020-2021,29,Barcelona,Supercopa de España,2,240,2,1,2,0,0,-1.0,-1.0,-1.0,2,10.0,4.0,40.0,3.75,1.5,0.2,0.5,-1.0,-1.0,0,0,-1.0,-1.0,-1.0,-1.0,-1.0,-1.0,-1.0,-1.0,-1.0,-1.0,-1.0,-1.0,-1.0,-1.0,-1.0,-1.0,-1.0,-1.0,-1.0,-1.0,-1.0,-1.0,1,-1.0,-1.0,-1.0,-1.0,-1.0,-1.0,-1.0,-1.0,-1.0,-1.0,-1.0,-1.0,-1.0,-1.0,-1.0,-1.0,-1.0,2.0,-1.0,-1.0,-1.0,-1.0,-1.0,-1.0,-1.0,-1.0,-1.0,3.0,-1.0,-1.0
2021-2022,30,Atlético Madrid,1. Champions Lg,6,517,4,3,4,0,0,10.0,21.0,29.0,4,14.0,5.0,35.7,2.44,0.87,0.29,0.8,11.8,0.0,0,0,258.0,4.0,30.0,147.0,84.0,18.0,258.0,4.0,3.0,75.0,1.0,25.0,107.0,645.0,342.0,10.0,7.0,147.0,197.0,74.6,2014.0,591.0,3,1.2,0.8,1.8,10.0,12.0,7.0,0.0,21.0,17.0,11.0,0.0,1.0,4.0,1.0,0.0,3.0,15.0,8.0,5.0,9.0,1.0,7.0,17.0,41.2,5.0,0.0,5.0,4.0,19.0,5.0
2021-2022,30,Atlético Madrid,1. La Liga,21,1695,3,4,3,0,0,39.0,53.0,126.0,3,43.0,14.0,32.6,2.28,0.74,0.07,0.21,16.3,3.0,0,0,890.0,16.0,102.0,423.0,377.0,70.0,890.0,29.0,19.0,65.5,10.0,34.5,474.0,2408.0,1114.0,39.0,33.0,544.0,704.0,77.3,7532.0,1658.0,4,3.1,3.0,0.9,26.0,38.0,12.0,0.0,53.0,49.0,36.0,8.0,1.0,1.0,2.0,1.0,10.0,30.0,14.0,11.0,15.0,4.0,12.0,32.0,37.5,18.0,1.0,17.0,7.0,37.0,18.0
2021-2022,30,Atlético Madrid,Copa del Rey,0,34,1,0,1,0,0,-1.0,-1.0,-1.0,1,1.0,1.0,100.0,2.65,2.65,1.0,1.0,-1.0,-1.0,0,0,-1.0,-1.0,-1.0,-1.0,-1.0,-1.0,-1.0,-1.0,-1.0,-1.0,-1.0,-1.0,-1.0,-1.0,-1.0,-1.0,-1.0,-1.0,-1.0,-1.0,-1.0,-1.0,0,-1.0,-1.0,-1.0,-1.0,-1.0,-1.0,-1.0,-1.0,-1.0,-1.0,-1.0,-1.0,-1.0,-1.0,-1.0,-1.0,-1.0,0.0,-1.0,-1.0,-1.0,-1.0,-1.0,-1.0,-1.0,-1.0,-1.0,1.0,-1.0,-1.0
2022-2023,31,Atlético Madrid,1. Champions Lg,4,406,1,1,1,0,1,8.0,26.0,27.0,1,20.0,11.0,55.0,4.43,2.44,0.05,0.09,16.3,1.0,0,1,299.0,3.0,30.0,141.0,130.0,24.0,298.0,4.0,4.0,100.0,0.0,0.0,192.0,892.0,423.0,8.0,4.0,190.0,245.0,77.6,3009.0,699.0,1,1.2,0.8,-0.2,9.0,15.0,7.0,1.0,26.0,21.0,14.0,2.0,2.0,2.0,0.0,1.0,1.0,7.0,5.0,3.0,3.0,1.0,4.0,7.0,57.1,5.0,1.0,4.0,2.0,9.0,1.0
2022-2023,31,Atlético Madrid,1. La Liga,31,2859,15,16,15,0,0,99.0,171.0,202.0,15,111.0,44.0,39.6,3.49,1.39,0.14,0.34,17.6,5.0,0,0,1971.0,45.0,247.0,933.0,818.0,153.0,1970.0,83.0,47.0,56.6,28.0,33.7,1104.0,5999.0,3089.0,99.0,66.0,1236.0,1597.0,77.4,18976.0,5448.0,16,13.8,9.8,2.2,84.0,117.0,58.0,13.0,171.0,162.0,111.0,23.0,10.0,7.0,8.0,3.0,26.0,49.0,34.0,15.0,23.0,11.0,20.0,66.0,30.3,34.0,3.0,31.0,24.0,73.0,31.0
2022-2023,31,Atlético Madrid,Copa del Rey,4,360,0,1,0,0,0,-1.0,-1.0,-1.0,0,6.0,2.0,33.3,1.5,0.5,0.0,0.0,-1.0,-1.0,0,0,-1.0,-1.0,-1.0,-1.0,-1.0,-1.0,-1.0,-1.0,-1.0,-1.0,-1.0,-1.0,-1.0,-1.0,-1.0,-1.0,-1.0,-1.0,-1.0,-1.0,-1.0,-1.0,1,-1.0,-1.0,-1.0,-1.0,-1.0,-1.0,-1.0,-1.0,-1.0,-1.0,-1.0,-1.0,-1.0,-1.0,-1.0,-1.0,-1.0,6.0,-1.0,-1.0,-1.0,-1.0,-1.0,-1.0,-1.0,-1.0,-1.0,6.0,-1.0,-1.0
2023-2024,32,Atlético Madrid,1. Champions Lg,10,818,6,1,6,0,1,25.0,67.0,57.0,6,21.0,9.0,42.9,2.31,0.99,0.29,0.67,12.8,0.0,0,1,611.0,15.0,65.0,292.0,259.0,47.0,610.0,15.0,5.0,33.3,9.0,60.0,326.0,1520.0,838.0,25.0,13.0,413.0,512.0,80.7,6711.0,1932.0,1,3.1,1.9,-2.1,27.0,39.0,21.0,3.0,67.0,49.0,34.0,12.0,1.0,1.0,1.0,0.0,4.0,12.0,9.0,5.0,6.0,1.0,2.0,13.0,15.4,9.0,1.0,8.0,6.0,18.0,11.0
2023-2024,32,Atlético Madrid,1. La Liga,31,2644,16,6,12,4,4,43.0,118.0,196.0,16,75.0,29.0,38.7,2.55,0.99,0.16,0.41,17.3,3.0,4,4,1654.0,35.0,215.0,769.0,681.0,113.0,1650.0,38.0,22.0,57.9,15.0,39.5,839.0,3612.0,1843.0,43.0,36.0,1062.0,1383.0,76.8,16588.0,4212.0,6,5.6,5.8,0.4,43.0,86.0,34.0,2.0,118.0,107.0,68.0,21.0,4.0,10.0,2.0,2.0,11.0,33.0,19.0,14.0,14.0,5.0,15.0,41.0,36.6,34.0,3.0,31.0,10.0,43.0,23.0
2023-2024,32,Atlético Madrid,Copa del Rey,3,320,1,0,1,0,1,-1.0,-1.0,-1.0,1,11.0,4.0,36.4,3.09,1.13,0.09,0.25,-1.0,-1.0,0,1,-1.0,-1.0,-1.0,-1.0,-1.0,-1.0,-1.0,-1.0,-1.0,-1.0,-1.0,-1.0,-1.0,-1.0,-1.0,-1.0,-1.0,-1.0,-1.0,-1.0,-1.0,-1.0,0,-1.0,-1.0,-1.0,-1.0,-1.0,-1.0,-1.0,-1.0,-1.0,-1.0,-1.0,-1.0,-1.0,-1.0,-1.0,-1.0,-1.0,1.0,-1.0,-1.0,-1.0,-1.0,-1.0,-1.0,-1.0,-1.0,-1.0,2.0,-1.0,-1.0
2023-2024,32,Atlético Madrid,Supercopa de España,1,120,1,1,1,0,0,-1.0,-1.0,-1.0,1,4.0,3.0,75.0,3.0,2.25,0.25,0.33,-1.0,-1.0,0,0,-1.0,-1.0,-1.0,-1.0,-1.0,-1.0,-1.0,-1.0,-1.0,-1.0,-1.0,-1.0,-1.0,-1.0,-1.0,-1.0,-1.0,-1.0,-1.0,-1.0,-1.0,-1.0,1,-1.0,-1.0,-1.0,-1.0,-1.0,-1.0,-1.0,-1.0,-1.0,-1.0,-1.0,-1.0,-1.0,-1.0,-1.0,-1.0,-1.0,0.0,-1.0,-1.0,-1.0,-1.0,-1.0,-1.0,-1.0,-1.0,-1.0,1.0,-1.0,-1.0
2024-2025,33,Atlético Madrid,1. Champions Lg,2,134,1,1,1,0,0,4.0,8.0,11.0,1,5.0,1.0,20.0,3.36,0.67,0.2,1.0,15.8,0.0,0,0,107.0,0.0,10.0,51.0,47.0,7.0,107.0,2.0,2.0,100.0,0.0,0.0,69.0,295.0,142.0,4.0,2.0,70.0,91.0,76.9,1080.0,299.0,1,0.3,0.4,0.7,3.0,9.0,2.0,1.0,8.0,9.0,6.0,3.0,0.0,0.0,0.0,0.0,1.0,3.0,2.0,1.0,2.0,0.0,1.0,2.0,50.0,1.0,0.0,1.0,1.0,4.0,0.0
2024-2025,33,Atlético Madrid,1. La Liga,7,667,2,4,2,0,0,15.0,40.0,52.0,2,8.0,3.0,37.5,1.08,0.4,0.25,0.67,18.6,2.0,0,0,426.0,9.0,70.0,180.0,181.0,21.0,426.0,8.0,3.0,37.5,4.0,50.0,238.0,1167.0,646.0,15.0,15.0,266.0,371.0,71.7,4513.0,1284.0,4,1.7,2.1,2.3,17.0,24.0,16.0,2.0,40.0,26.0,21.0,5.0,0.0,0.0,0.0,0.0,5.0,5.0,3.0,5.0,0.0,0.0,1.0,7.0,14.3,8.0,0.0,8.0,3.0,8.0,7.0
